slokas_no,slokas,slokas_english
1,धृतराष्ट्र उवाचधर्मक्षेत्रे कुरुक्षेत्रे समवेता युयुत्सव: ।मामका: पाण्डवाश्चैव किमकुर्वत सञ्जय ॥ १ ॥,"Translated(src=sa, dest=en, text=Dhṛtarāṣṭra said: O Sanjaya, what did the Pāṇḍavas and the Pāṇḍavas do with their festivities assembled in the field of Kurukṣetra in the field of Dharma?1 ॥, pronunciation=None, extra_data=""{'confiden..."")"
2,सञ्जय उवाचदृष्ट्वा तु पाण्डवानीकं व्यूढं दुर्योधनस्तदा ।आचार्यमुपसङ्गम्य राजा वचनमब्रवीत् ॥ २ ॥,"Translated(src=sa, dest=en, text=Sanjaya saw the army of the Pāṇḍavas arranged in a battlefield and the king approached the ācārya and addressed him as follows2 ॥, pronunciation=None, extra_data=""{'confiden..."")"
3,पश्यैतां पाण्डुपुत्राणामाचार्य महतीं चमूम् ।व्यूढां द्रुपदपुत्रेण तव शिष्येण धीमता ॥ ३ ॥,"Translated(src=sa, dest=en, text=O teacher look at this great army of the sons of Pāṇḍu by your wise disciple the son of Drupada3 ॥, pronunciation=None, extra_data=""{'confiden..."")"
4,अत्र श‍ूरा महेष्वासा भीमार्जुनसमा युधि ।युयुधानो विराटश्च द्रुपदश्च महारथः ॥ ४ ॥,"Translated(src=sa, dest=en, text=Here the great archer Bhima and Arjuna were equal to Bhima and Arjuna in battle Virata and Drupada the great charioteer4., pronunciation=None, extra_data=""{'confiden..."")"
5,धृष्टकेतुश्चेकितानः काशिराजश्च वीर्यवान् ।पुरुजित्कुन्तिभोजश्च शैब्यश्च नरपुङ्गवः ॥ ५ ॥,"Translated(src=sa, dest=en, text=Dhrishtaketu and Chekitana were the mighty king of Kāśī and the mighty Purujit Kuntibhoja5 ॥, pronunciation=None, extra_data=""{'confiden..."")"
6,युधामन्युश्च विक्रान्त उत्तमौजाश्च वीर्यवान् ।सौभद्रो द्रौपदेयाश्च सर्व एव महारथाः ॥ ६ ॥,"Translated(src=sa, dest=en, text=Yudhamanyu and Vikranta Uttamauja were the mighty Saubhadra and Draupadi and all the great charioteers6 ॥, pronunciation=None, extra_data=""{'confiden..."")"
7,अस्माकं तु विशिष्टा ये तान्निबोध द्विजोत्तम ।नायका मम सैन्यस्य संज्ञार्थ तान्ब्रवीमि ते ॥ ७ ॥,"Translated(src=sa, dest=en, text=O best of the brāhmaṇas listen to those who are distinct from us7 ॥, pronunciation=None, extra_data=""{'confiden..."")"
8,भवान्भीष्मश्च कर्णश्च कृपश्च समितिंजयः ।अश्वत्थामा विकर्णश्च सौमदत्तिस्तथैव च ॥ ८ ॥,"Translated(src=sa, dest=en, text=You are Bhishma Karna Kripa Samitinjaya Ashvatthama Vikarna and also Saumadatti8 ॥, pronunciation=None, extra_data=""{'confiden..."")"
9,अन्ये च बहवः श‍ूरा मदर्थे त्यक्तजीविताः ।नानाशस्त्रप्रहरणाः सर्वे युद्धविशारदाः ॥ ९ ॥,"Translated(src=sa, dest=en, text=Many other brave men gave up their lives for My sake They were all experts in warfare9., pronunciation=None, extra_data=""{'confiden..."")"
10,अपर्याप्त‍ं तदस्माकं बलं भीष्माभिरक्षितम् ।पर्याप्त‍ं त्विदमेतेषां बलं भीमाभिरक्षितम् ॥ १० ॥,"Translated(src=sa, dest=en, text=This is the strength of ours protected by Bhīma and protected by Bhīma10., pronunciation=None, extra_data=""{'confiden..."")"
11,अयनेषु च सर्वेषु यथाभागवमस्थिताः ।भीष्ममेवाभिरक्षन्तु भवन्तः सर्व एव हि ॥ ११ ॥,"Translated(src=sa, dest=en, text=May all of you, who are situated in all the ayanas, protect Bhishma alone in their proper ways.11., pronunciation=None, extra_data=""{'confiden..."")"
12,तस्य सञ्जनयन्हर्षं कुरुवृद्धः पितामहः ।सिंहनादं विनद्योच्च‍ैः शङ्खं दध्मौ प्रतापवान् ॥ १२ ॥,"Translated(src=sa, dest=en, text=The mighty grandfather of the Kurus shook the roar of the roar of the lion's conchshell and blew his conchshell12 ॥, pronunciation=None, extra_data=""{'confiden..."")"
13,ततः शङ्खाश्च भेर्यश्च पणवानकगोमुखाः ।सहसैवाभ्यहन्यन्त स शब्दस्तुमुलोऽभवत् ॥ १३ ॥,"Translated(src=sa, dest=en, text=Then suddenly the sounds of the conches and the drums and the horns of the cowherd boys became tumultuous13 ॥, pronunciation=None, extra_data=""{'confiden..."")"
14,ततः श्वेतैर्हयैर्युक्ते महति स्यन्दने स्थितौ ।माधवः पाण्डवश्चैव दिव्यौ शङ्खौ प्रदध्मतुः ॥ १४ ॥,"Translated(src=sa, dest=en, text=Then the two divine conchshells, Mādhava and the Pāṇḍavas rode in a huge chariot with white horses.14 ॥, pronunciation=None, extra_data=""{'confiden..."")"
15,पाञ्चजन्यं हृषीकेशो देवदत्तं धनञ्जयः ।पौण्ड्रं दध्मौ महाशङ्खं भीमकर्मा वृकोदरः ॥ १५ ॥,"Translated(src=sa, dest=en, text=The son of Pāñcājanya and the son of Dṛṣīkeśa, the son of Devadatta, blew the great conchshell and Bhīmakarma.15 ॥, pronunciation=None, extra_data=""{'confiden..."")"
16-18,अनन्तविजयं राजा कुन्तीपुत्रो युधिष्ठिरः ।नकुलः सहदेवश्च सुघोषमणिपुष्पकौ ॥ १६ ॥काश्यश्च परमेष्वास: शिखण्डी च महारथ: ।धृष्टद्युम्न‍ो विराटश्च सात्यकिश्‍चापराजित: ॥ १७ ॥द्रुपदो द्रौपदेयाश्च सर्वश: पृथिवीपते ।सौभद्रश्च महाबाहु: शङ्खान्दध्मु: पृथक्पृथक् ॥ १८ ॥,"Translated(src=sa, dest=en, text=King Yudhisthira, the son of Kunti, the son of Nakula, the son of Sughosha and Manipushpaka.16 The great sage Kāśya and the great archer Shikhandi were the great charioteers Dhṛṣṭādyumna and Virāta and Satyaki were also defeated17 O lord of the earth the mighty-armed Draupadi and Draupadi blew their conches in all respects18 ॥, pronunciation=None, extra_data=""{'confiden..."")"
19,स घोषो धार्तराष्ट्राणां हृदयानि व्यदारयत् ।नभश्च पृथिवीं चैव तुमुलोऽभ्यनुनादयन् ॥ १९ ॥,"Translated(src=sa, dest=en, text=The sound of the sons of Dhṛtarāṣṭra pierced the hearts of the sons of Dhṛtarāṣṭra and the tumultuous sound of the sky19., pronunciation=None, extra_data=""{'confiden..."")"
20,अथ व्यवस्थितान्दृष्ट्वा धार्तराष्ट्रान्कपिध्वजः ।प्रवृत्ते शस्त्रसम्पाते धनुरुद्यम्य पाण्डवः ।हृषीकेशं तदा वाक्यमिदमाह महीपते ॥ २० ॥,"Translated(src=sa, dest=en, text=Seeing the sons of the sons of Kapi who was standing on the throne of the sons of Pāṇḍu who was in accordance with the weapons of the son of Pāṇḍu who was in the throne of the army of the sons of Pāṇḍu arranged for him20 ॥, pronunciation=None, extra_data=""{'confiden..."")"
21-22,अर्जुन उवाचसेनयोरुभयोर्मध्ये रथं स्थापय मेऽच्युत ।यावदेतान्निरीक्षेऽहं योद्‍धुकामानवस्थितान् ॥ २१ ॥कैर्मया सह योद्धव्यमस्मिन्‍रणसमुद्यमे ॥ २२ ॥,"Translated(src=sa, dest=en, text=Arjuna said: O infallible one, I have observed the chariot in the midst of both the army, O infallible one, as long as I have seen these men standing there.21 What should I fight with me in this battle?22 ॥, pronunciation=None, extra_data=""{'confiden..."")"
23,योत्स्यमानानवेक्षेऽहं य एतेऽत्र समागताः ।धार्तराष्ट्रस्य दुर्बुद्धेर्युद्धे प्रियचिकीर्षवः ॥ २३ ॥,"Translated(src=sa, dest=en, text=I am looking for those who assembled here in this battle for the sake of the wicked Dhṛtarāṣṭra who wished to please him23 ॥, pronunciation=None, extra_data=""{'confiden..."")"
24,सञ्जय उवाचएवमुक्तो हृषीकेशो गुडाकेशेन भारत ।सेनयोरुभयोर्मध्ये स्थापयित्वा रथोत्तमम् ॥ २४ ॥,"Translated(src=sa, dest=en, text=Sanjaya said: Thus addressed by Gudakesha, O descendant of Gudakesha, he placed the best of his chariots between the two armies.24 ॥, pronunciation=None, extra_data=""{'confiden..."")"
25,भीष्मद्रोणप्रमुखतः सर्वेषां च महीक्षिताम्  ।उवाच पार्थ पश्यैतान्समवेतान्कुरुनिति ॥ २५ ॥,"Translated(src=sa, dest=en, text=O son of Pṛthā, please see these assembled by Bhīṣma and Drona and all the kings of the earth.25., pronunciation=None, extra_data=""{'confiden..."")"
26,तत्रापश्यत्स्थितान्पार्थः पितॄनथ पितामहान्।आचार्यान्मातुलान्भ्रातॄन्पुत्रान्पौत्रान्सखींस्तथा।श्वश‍ुरान्सुहृदश्चैव सेनयोरुभयोरपि ॥ २६ ॥,"Translated(src=sa, dest=en, text=There he saw the fathers and grandfathers the teachers his maternal uncles brothers sons and friends the fathers and friends of both the armies26., pronunciation=None, extra_data=""{'confiden..."")"
27,तान्समीक्ष्य स कौन्तेयः सर्वान्बन्धूनवस्थितान्  ।कृपया परयाविष्टो विषीदन्निदमब्रवीत् ॥ २७ ॥,"Translated(src=sa, dest=en, text=Overcome with mercifulness Kaunteya looked at all his relatives and spoke these words in a state of depression and addressed them as follows27 ॥, pronunciation=None, extra_data=""{'confiden..."")"
28,अर्जुन उवाचदृष्ट्वेमं स्वजनं कृष्ण युयुत्सुं समुपस्थितम्  ।सीदन्ति मम गात्राणि मुखं च परिश‍ुष्यति ॥ २८ ॥,"Translated(src=sa, dest=en, text=Arjuna said: O Kṛṣṇa, when I saw this relative of this people, my limbs and their faces were traced to fight.28., pronunciation=None, extra_data=""{'confiden..."")"
29,वेपथुश्च शरीरे मे रोमहर्षश्च जायते ।गाण्डीवं स्रंसते हस्तात्त्वक्च‍ैव परिदह्यते ॥ २९ ॥,"Translated(src=sa, dest=en, text=My body trembles and hair on my body is slipped from the skin of the body and the skin of the body is burnt29., pronunciation=None, extra_data=""{'confiden..."")"
30,न च शक्न‍ोम्यवस्थातुं भ्रमतीव च मे मनः ।निमित्तानि च पश्यामि विपरीतानि केशव ॥ ३० ॥,"Translated(src=sa, dest=en, text=O Keśava, I can see my mind and my contradictory things as if I could not be able to wait for myself.30., pronunciation=None, extra_data=""{'confiden..."")"
31,न च श्रेयोऽनुपश्यामि हत्वा स्वजनमाहवे ।न काङ्क्षे विजयं कृष्ण न च राज्यं सुखानि च ॥ ३१ ॥,"Translated(src=sa, dest=en, text=O Kṛṣṇa, I do not see any good in killing my relatives in battle. O Kṛṣṇa, I do not desire victory, nor kingdom, nor pleasures.31., pronunciation=None, extra_data=""{'confiden..."")"
32-35,किं नो राज्येन गोविन्द किं भोगैर्जीवितेन वा ।येषामर्थे काङ्‍‍क्षितं नो राज्यं भोगाः सुखानि च ॥ ३२ ॥त इमेऽवस्थिता युद्धे प्राणांस्त्यक्त्वा धनानि च ।आचार्याः पितरः पुत्रास्तथैव च पितामहाः ॥ ३3 ॥मातुलाः श्वश‍ुराः पौत्राः श्यालाः सम्बन्धिनस्तथा ।एतान्न हन्तुमिच्छामि घ्न‍तोऽपि मधुसूदन ॥ ३४ ॥अपि त्रैलोक्यराज्यस्य हेतोः किं नु महीकृते ।निहत्य धार्तराष्ट्रान्नः का प्रीतिः स्याज्ज‍नार्दन ॥ ३५ ॥,"Translated(src=sa, dest=en, text=O Govinda, what is the use of our kingdom or pleasures, what is the use of our lives for the sake of whom we desire kingdom and pleasures?32 The teachers fathers fathers and grandfathers were leaving their lives in battle33 I do not wish to kill these maternal uncles dogs, grandsons, brothers and relatives.34 O Janardana, what is the use of killing Dhṛtarāṣṭra for the sake of the earth for the sake of the kingdom of the three worlds?35., pronunciation=None, extra_data=""{'confiden..."")"
36,पापमेवाश्रयेदस्मान्हत्वैतानाततायिनः ।तस्मान्नार्हा वयं हन्तुं धार्तराष्ट्रान्सबान्धवान् ।स्वजनं हि कथं हत्वा सुखिनः स्याम माधव ॥ ३६ ॥,"Translated(src=sa, dest=en, text=One should take refuge in us and kill us by killing these people who are not worthy of killing the sons of Dhṛtarāṣṭra36., pronunciation=None, extra_data=""{'confiden..."")"
37-38,यद्यप्येते न पश्यन्ति लोभोपहतचेतसः ।कुलक्षयकृतं दोषं मित्रद्रोहे च पातकम् ॥ ३७ ॥कथं न ज्ञेयमस्माभिः पापादस्मन्निवर्तितुम् ।कुलक्षयकृतं दोषं प्रपश्यद्भ‍िर्जनार्दन ॥ ३८ ॥,"Translated(src=sa, dest=en, text=Although these men are overwhelmed with greed and have destroyed their family, they are sinful in their companions and sin in betraying their friends.37 O Janardana how can we not know how to escape our sins38., pronunciation=None, extra_data=""{'confiden..."")"
39,कुलक्षये प्रणश्यन्ति कुलधर्माः सनातनाः ।धर्मे नष्टे कुलं कृत्स्नमधर्मोऽभिभवत्युत ॥ ३९ ॥,"Translated(src=sa, dest=en, text=The eternal religious duties of a family are destroyed when their religious duties are destroyed39., pronunciation=None, extra_data=""{'confiden..."")"
40,अधर्माभिभवात्कृष्ण प्रदुष्यन्ति कुलस्त्रियः ।स्त्रीषु दुष्टासु वार्ष्णेय जायते वर्णसङ्करः ॥ ४० ॥,"Translated(src=sa, dest=en, text=O Kṛṣṇa, because of the influence of irreligion, O Kṛṣṇa, the women of the family are polluted, O Vārṣṇi, the confusion of castes is born of the wicked.40 ॥, pronunciation=None, extra_data=""{'confiden..."")"
41,सङ्करो नरकायैव कुलघ्न‍ानां कुलस्य च ।पतन्ति पितरो ह्येषां लुप्तपिण्डोदकक्रियाः ॥ ४१ ॥,"Translated(src=sa, dest=en, text=The mixture of the mixtures of the family kills the families of the families of the family, and the fruits of their lost bodies and water.41., pronunciation=None, extra_data=""{'confiden..."")"
42,दोषैरेतैः कुलघ्न‍ानां वर्णसङ्करकारकैः ।उत्साद्यन्ते जातिधर्माः कुलधर्माश्च शाश्वताः ॥ ४२ ॥,"Translated(src=sa, dest=en, text=These are the defects of these defects of the mixtures of castes and the customs of the caste and the religious duties of the family are destroyed42 ॥, pronunciation=None, extra_data=""{'confiden..."")"
43,उत्सन्नकुलधर्माणां मनुष्याणां जनार्दन ।नरके नियतं वासो भवतीत्यनुश‍ुश्रुम ॥ ४३ ॥,"Translated(src=sa, dest=en, text=O Lord of the worlds, we have heard that the religious principles of men who have been destroyed are certainly resided in hell.43., pronunciation=None, extra_data=""{'confiden..."")"
44,अहो बत महत्पापं कर्तुं व्यवसिता वयम् ।यद्राज्यसुखलोभेन हन्तुं स्वजनमुद्यताः ॥ ४४ ॥,"Translated(src=sa, dest=en, text=Oh how a great sin we have decided to kill our relatives for the sake of the pleasures of the kingdom44 ॥, pronunciation=None, extra_data=""{'confiden..."")"
45,यदि मामप्रतीकारमशस्त्रं शस्त्रपाणयः ।धार्तराष्ट्रा रणे हन्युस्तन्मे क्षेमतरं भवेत् ॥ ४५ ॥,"Translated(src=sa, dest=en, text=If the sons of Dhṛtarāṣṭra kill me in battle with weapons in armed with weapons and without resistance they will be better for me in battle45., pronunciation=None, extra_data=""{'confiden..."")"
46,सञ्जय उवाचएवमुक्त्वार्जुनः संख्ये रथोपस्थ उपाविशत् ।विसृज्य सशरं चापं शोकसंविग्न‍मानसः ॥ ४६ ॥,"Translated(src=sa, dest=en, text=Having spoken thus to him Arjuna threw his bow and threw his bow in the battle with his arrows and said46., pronunciation=None, extra_data=""{'confiden..."")"
