"sentence no","text"
1,"તમસ સૂવરને ઓરડીની અંદર લાવવું એ પણ કયાં સહેલું કામ હતું ? એણે ભટકતાં સૂવરને કચરામાં મોં ધાલતાં જોયાં હતાં."
2,"એને બીજુ કાંઈ ન સૂઝ્યું. એક ઉકરડા પરથી કચરો ઉઠાવી ઉઠાવીને લાવતો રહ્યો અને આ ભાંગી-તૂટી ઓરડીની બહાર આંગણામાં દરવાજા પાસે કચરાનો ઢગલો કરતો રહ્યો."
3,"સાંજના પડછાયા નમવા લાગ્યા ત્યારે ગંદા પાણીનાં ખાબોચિયાં, છાણના ઢગલા અને ધૂળથી ભરેલી ઝાડીઓની પાસે ફરતાં ત્રણ સૂવર એ બાજુ આવી પહોંચ્યાં હતાં."
4,"ત્યારે જ એમાંનું એક સૂવર કચરો સૂંઘતું આંગણાની અંદર આવી ગયું હતું અને નત્યૂએ ઝટ લઈને બારણું બંધ કરી દીધું હતું."
5,"પછી ઝડપથી દોડીને એણે આંગણાની પેલે પાર ઓરડીનો દરવાજો ખોલી દીધો હતો, અને પોતાની લાઠીથી સૂવરને ઓરડીની અંદર હાંકી લાવ્યો હતો."
6,"સૂવરવાડાનો માણસ સૂવરને શોધતો ક્યાંક એ બાજુ ન આવી જાય, અને સૂવરની કિકિયારી સાંભળી ન લે એ બીકે નત્થૂ કચરો ઉપાડી ઉપાડીને ઓરડીમાં નાખતો રહ્યો હતો."
7,"ઓરડીમાં કચરો પહોંચી ગયો એટલે સૂવર એમાં જ ખોવાઈ ગયું અને નત્થૂ આશ્ચસ્ત થઈને ઘણી વાર સુધી ઓરડીની બહાર બેસીને બીડીઓ ફક્‌કતો અને અંધારું થાય એની વાટ જોતો રહ્યો હતો."
8,"ઘણી વાર પછી રાત ધેરાવા લાગી ત્યારે નત્થૂ ઓરડીમાં ઘૂસ્યો હતો. દીવાના મધ્યમ નાચતા અજવાળામાં એણે જોયું કે કચરો આખી ઓરડીમાં વિખેરાઈ ગયો છે."
9,"અને એમાંથી કોચડ જેવી સડેલી વાસ આવે છે. ત્યારે જ એ ભારેખમ બદસૂરત સૂવરને જોઈને એનું દિલ બેસી ગયું હતું અને મનમાં ને મનમાં ખિજાવા-પસ્તાવા લાગ્યો હતો કે એણે આ ગંદુ જોખમભરેલું કામ શા સારુ માથે લીધું."
10,"ત્યારેય એને મન થઈ આવ્યું હતું કે ઝટ દઈને ઓરડીનો દરવાજો ખોલી દઉં અને સૂવરને બહાર ધકેલી દઉ."
11,"હવે રાત અર્ધાથી વધારે વૌતી ચૂકો હતી અને સૂવર એમનું એમ કચરાની વચ્ચોવચ અલમસ્ત ધૂમી રહ્યું હતું."
12,"ભોંય પર લોહીના ડાઘા પડી ગયા હતા, અને સૂવરની ફાંદ પર બે-એક ઠેકાણે ઉઝરડા જેવાં નિશાન દેખાતાં હતાં અને એની પોતાની ટાંગ પર સૂવરના ડાચાના જખમ હતા અને બસ."
13,"સૂવર પહેલાંની જેમ જ જીવતું જાગતું ઓરડીની અંદર મોજૂદ હતું. જયારે નત્થૂ હાંફો રહ્યો હતો."
14,"એનું શરીર પરસેવે તરબોળ હતું અને આ ઝંઝટમાંથી નીકળવાનો કોઈ રસ્તો દેખાતો નહોતો. દૂર શેખોના બાગના ઘડિયાળમાં બેના ટકોરા પડ્યા."
15,"નત્થૂ ગભરાઈને ઊભો થઈ ગયો. એની નજર ફરી સૂવર ભણી ગઈ. સૂવરે કચરાના ટુકડાની વચ્ચે ઊભા ઊભા ફરી પેશાબ કરી દીધો હતો."
16,"અને એ ખિજાઈને ઓરડીની વચમાંથી ખસીને જમણા હાથની ભાતની પાસે પાસે ચાલવા લાગ્યું હતું. દીવાની જયોત ફરીથી ઝોકાં ખાવા લાગી હતી."
17,"અને પડછાયા કોઈ દુ:સ્વપ્નની જેમ ભીત પર વારંવાર ડોલવા લાગ્યા હતા. સ્થિતિમાં જરાયે ફેર નહોતો પડયો."
18,"સૂવર પહેલાંની જેમ જ માથું નીચું કરી કદી ડાચાથી કચરાને સૂંઘવા રોકાઈ જતું, કદી ભીતની સાથોસાથ ચાલવા લાગતું અને કદી"
19,"કિકિયારી મારી ભીંતની સાથે સાથે દોડવા લાગતું. પહેલાંની જેમ જ એની પાતળી લાંબી પૂંછડી કોઈ પાતળા લાંબા કોડાની જેમ ગૂંચળાં બનાવતી ને ખૂલતી જતી હતી."
20,"આમ નહીં ચાલે, નત્થૂએ દાંત પીસોને કહ્યું, આ રોગ મારા વશનો નથી. આ સૂવર આજે મને જ ભરખી ખાશે."
21,"એને થયું કે એકવાર ફરી સૂવરની ટાંગ પકડીને એને ઊંધો પાડવાની કોશિશ કરી જોઉં. ડાબે હાથે છરો ઊંચો ઉપાડી તે ધીરે ધીરે પગલાં માંડતો ઓરડીની વચ્ચોવચ ચાલી આવ્યો."
22,"સુવર જમણા હાથની ભીંતના છેડા સુધી પહોંચીને ડાબી બાજુ ભૌતની લગોલગ ચાલવા લાગ્યું હતું. નત્થૂને પોતાનો તરફ ધપતો જોઈને ભાગવાને બદલે વળીને નત્યૂની તરક આવવા લાગ્યું."
23,"એકવાર નત્થૂની તરફ ઝપટ મારવાનું હોય તેમ સૂવર ધૂરક્યું પણ ખરું. નત્થૂ એક એક પગલું પાછું ભરવા લાગ્યો."
24,"એની આંખો હજીયે સૂવરના ડાચા તરક મંડાયેલી હતી. હવે સૂવર એની બરાબર સામે હતું એની જ તરફ ધપી રહ્યું હતું."
25,"આ સ્થિતિમાં એની પાછલી ટાંગ પકડી પાછળની તરફ ખેંચવું અને એને પીઠ પર ઊંધું પાડવુ અશક્ય થઈ ગયું હતું."
26," સૂવરની ઝીણી ઝીણી લાલ આંખોમાં ખુમાર હતું. કોણ જાણે શુંયે કરી બેસે. પણ નત્થૂ વ્યાકુળ થઈ રહ્યો હતો."
27,"બે વાગી ચૂક્યા હતા અને જે કામ ગઈ સાંજથી અત્યાર સુધી નહોતું થઈ શક્યું તે હવે પો ફાટતાં સુધીમાં શી રીતે થશે ? ગમે ત્યારે જમાદારની રેંકડી આવી શકે છે અને કામ ન થાય તો મુરાદ અલીનો શો ભરોસો ? એ તો દોસ્ત મટી દુશ્મન પણ બની બેસે, ચામડાં અપાવવાં બંધ કરી દે, ઓરડીમાંથી કઢાવી મૂકે, કોઈને હાથે મરાવે, હેરાન કરે."
28," નત્થૂના હાથ-પગ ફલવા લાગ્યા. એ મનમાં ને મનમાં જાણતો હતો કે સૂવરને પાછલે પગે પકડવાથી તે કરડી પડશે કે ઊછળશે અને હાથ છોડાવી લેશે."
29,"અચાનક નત્થૂ ગિન્નાઈ ઊઠ્યો. કોઈ સ્પષ્ટ કારણ વિના જાણે એના અંગેઅંગમાં લાહ્ય લા્ગાં ગઈ."
30,"કાં હું નહીં, કા આ નહીં, એમ કહી એણે ઝટ પાછો વળી ગોખલા તળિયેનો મોટો પથરો ઉઠાવી લીધો. પથરો ઉપાડીને તે સીધો ઓરડીની વચ્ચોવચ પહોંચો ગયો."
31,"પથરાને બંને હાથે માથાની ઉપર ઉઠાવીને તે ક્ષણભર માટે થંભી ગયો. સૂવરનું ડાચું હજુ પણ આગલા પગ પર હતું. એ ટેટીની છાલને સૂંઘતું હતું."
32,"એની લાલ લાલ આંખો ટમટમતી હતી. પીઠ પાછળ એની નાનકડી પૂંછડી સતત હાલતી હતો."
33,"આ જો હાલે-ડોલે નહીં અને પથરો સીધો એના શરીર પર લાગે તો ક્યાંક ને ક્યાંક તો એ ધા કરશે જ અને સૂવરનું કોઈ ને કોઈ અંગ તો ટ્ટશે જ ટ્રેટશે."
34," એક ટૉગ જ ટૂટી જાય તોપણ ગનીમત, એનું ચાલવું પહેલાં કરતાં મુશ્કેલ થઈ જશે. પછી બંને હાથ તોળીને નત્થૂએ પથરાને સૂવર પર પટક્યો."
35,"ગોખલામાં મૂકેલા દીવાની જ્યોત થરથરી અને ભીત પર પડછાયા ડોલી ઊઠ્યા. પથરો સૂવરને લાગ્યો "
36,"તમસ લતો, પણ નત્થૂને બરાબર ખબર નહોતી કે ક્યાં લાગ્યો છે. સૂવરે જોરથી કિકિયારી મારી અને પથરો ધડામ કરતો ભોંય પર પડ્યો."
37,"નત્થૂ પથરો ફેંક્તાની વાર જ પાછળ હઠી ગયો. અને સૂવર તરફ તાકો તાકીને જોવા લાગ્યો. નત્થૂને જોઈને નવાઈ લાગી કે સૂવરની અર્ધમીંચી આંખો ટમટમતી હતી અને એનું ડાચું હજીયે આગલી ટાંગ પર ટેકવેલું હતુ."
38,"  અચાનક સૂવર ધૂરક્યું અને પાછલી ભીતથી ખસીને ઓરડીની વચ્ચોવચ આવવા લાગ્યું. તે ડાબે-જમણે ઝૂલી રહ્યું હતું. નત્યથૂ એક કોર, આંગણામાં ખૂલતા દરવાજા તરફ ખસીને ઊભો રહી ગયો. "
39,"દીવાના અસ્થિર પ્રકાશમાં સૂવર એક કાળા પુંજની જેમ આગળ ધપતું આવી રહ્યું હતું. પથરો એના માથા પર પડયો હતો."
40,"એને લૌીધૈ કદાચ એને તમ્મર આવી ગયાં હશે અને બરાબર દેખાતું નહીં હોય. નત્થૂ ડરી ગયો. સૂવર જરૂર એની તરક આગળ આવી રહ્યું છે."
41,"અને એ જરૂર એને કરડી ખાશે. પથરાની એની ઉપર કોઈ અસર થઈ હોય એમ લાગતું નહોતું."
42,"નત્થૂએ ઝટ દેતોક દરવાજો ખોલ્યો અને ઓરડીમાંથી બહાર નીકળી ગયો. કઈ આકૃતમાં જાન કસાઈ ગયો, એ બબડ્યો અને આંગણામાં આવી પરસાળ પર ચણેલા કઠેડા પાસે આવી ઊભો રહી ગયો."
43," બહાર પહોંચીને સ્વચ્છ હવામાં એને રાહત થઈ. ઓરડીનાં ગૂંગળાટ અને બદબૂથી એ પરેશાન થઈ ગયો હતો."
44,"એના પરસેવે તરબોળ શરીરને હવાના હળવા સ્પર્શથી અસીમ આનંદનો અનુભવ થયો."
45,"ઘડીભર તો એને લાગ્યું કે એ જાણે નવેસરથી જીવવા ન લાગ્યો હોય ! એના શિથિલ મરેલા દેહમાં ફરી પ્રાણ ન આવ્યા હોય ! મારે આ કામ સાથે શી લેવાદેવા છે ? સલોતરીને સૂવર ન મળ્યું તો ના મળ્યું મારી બલાએ."
46,"હું કાલે મુરાદ અલી સામે પૌચની નોટ ધરૌ દઈશ અને હાથ જોડીશ. હજૂર આ મારા ગજાનું કામ નથી."
47,"મારાથી આ કામ નહીં થાય. મારું શું બગાડી નાખવાનો છે એ ? બે દિવસ મોં ચડાવી રાખશે."
48," હું એના ઘૂંટણ પર હાથ મૂકોને એને મનાવી લઈશ. કઠેડા પાસે એ થભીને ઊભો રહ્યો."
49," ચાંદો ઊગી નીકળ્યો હતો અને છંટકાયેલી ચાંદનીમાં એને આસપાસનો બધો પ્રદેશ પરાયો પરાયો અને રહસ્યમય લાગતો હતો."
50,"હસામેથી પસાર થતી બળદગાડીની કાચી સડક આ સમયે સૂની પડી હતી. મૂક અને શાંત, આખો દિવસ એની ઉપર ઉત્તરનાં ગામોથી આવનાર બળદગાડીઓનો ખખડાટ અને બળદોને ગળે બાંધેલી ધંટડીઓનો રણકાર સંભળાતો."
51,"એનાં પેડાંથી સડક પર ઊંડી ઘરડ પડી ગઈ હતી. અને એની માટી પિસાઈ પિસાઈને એટલી ઝીણી થઈ ગઈ હતી કે એની પર પગ મૂકતાં જ પગ ઘૂંટણ સુધી ધૂળમાં ધૂસી જતા. "
52,"સડકની પેલે પાર મેદાન સુધી ઊતરતા સીધા ઢાળ પર નાની નાની ઝાડી અને બોરડીના છોડ અને કાંટાળી બોરડીઓ ધૂળથીજમરાયેલી હતી. અને ચાંદની રાતમાં જાણે ધોઈ."
